{
  "thresholds" : [ 3.780636301061809 ],
  "phases" : [ {
    "economyBaseWeight" : 0.6048191331486898,
    "techCentreDesire" : 0.9893162509141141,
    "infantryDesire" : 1.5675456879656648,
    "engineerDesire" : 0.01,
    "engineerGuaranteeMultiplier" : 3.0,
    "expansionBaseWeight" : 2.3338245199356384,
    "distancePenalty" : 0.01,
    "buildCityDesire" : 1.3465719403012113,
    "militaryBaseWeight" : 0.01,
    "attackWeakDesire" : 0.3850796521999838,
    "hpAdvantageFactor" : 2.6421665155423666,
    "defenseBaseWeight" : 0.20846045499498372,
    "cityDefenseDesire" : 0.7542491277639723,
    "undefendedPenalty" : 1.6182370355677496,
    "diplomacyBaseWeight" : 1.4558956679452653,
    "navalBaseWeight" : 0.2651905381870952,
    "navalCombatDesire" : 0.8001986271074174,
    "transportLoadDesire" : 2.355815871485132,
    "airStrikeDesire" : 0.675131800201402,
    "bombardCityDesire" : 1.7221133606485057,
    "satelliteLaunchDesire" : 1.497472408639179,
    "icbmLaunchDesire" : 1.017758001013606,
    "transportDestinationDesire" : 1.1100974737828921,
    "disembarkDesire" : 2.6448088204632465,
    "neutralCityCaptureDesire" : 2.9371007664352122,
    "coordinationBonus" : 0.46473351521435124,
    "airSupportBonus" : 2.8015378416732175,
    "navalEscortBonus" : 2.1689570589323033,
    "massAttackThreshold" : 3.0,
    "zeppelinScoutDesire" : 0.735465114122343,
    "homeIslandExplorationBonus" : 2.891278760580932,
    "researchGuaranteeMultiplier" : 3.0,
    "coastalCityDesire" : 2.024739324671688,
    "moveToCoastDesire" : 1.6056723710515548,
    "zeppelinWaterBonus" : 1.8649664189299022,
    "engineerSwimDesire" : 1.7269361448510665,
    "engineerIslandHopBoost" : 2.528953469559788,
    "zeppelinIslandHopBonus" : 0.6568918240522038,
    "tankDesire" : 0.237557223760965
  }, {
    "economyBaseWeight" : 1.6987865878680612,
    "techCentreDesire" : 0.01,
    "infantryDesire" : 1.6795008373286926,
    "engineerDesire" : 1.1833729228244685,
    "engineerGuaranteeMultiplier" : 0.7110038504873075,
    "expansionBaseWeight" : 1.670008769088796,
    "distancePenalty" : 0.13996236897485617,
    "buildCityDesire" : 1.7859402525251395,
    "militaryBaseWeight" : 2.562908821557468,
    "attackWeakDesire" : 3.0,
    "hpAdvantageFactor" : 2.312422326277239,
    "defenseBaseWeight" : 0.4244445475173373,
    "cityDefenseDesire" : 2.003673220668974,
    "undefendedPenalty" : 0.3652889542572317,
    "diplomacyBaseWeight" : 0.01,
    "navalBaseWeight" : 0.31254816581813805,
    "navalCombatDesire" : 2.038083233598839,
    "transportLoadDesire" : 2.490456304656474,
    "airStrikeDesire" : 1.1860472783126899,
    "bombardCityDesire" : 1.5528499544008356,
    "satelliteLaunchDesire" : 1.788466794834671,
    "icbmLaunchDesire" : 1.5717594178352747,
    "transportDestinationDesire" : 2.388749293944794,
    "disembarkDesire" : 2.529056954983713,
    "neutralCityCaptureDesire" : 2.3045801317601406,
    "coordinationBonus" : 2.520231726689082,
    "airSupportBonus" : 0.49678185082748566,
    "navalEscortBonus" : 0.01,
    "massAttackThreshold" : 2.8280101353771823,
    "zeppelinScoutDesire" : 1.67578304196428,
    "homeIslandExplorationBonus" : 1.3080967372043304,
    "researchGuaranteeMultiplier" : 1.6614167857580922,
    "coastalCityDesire" : 0.44160148163212376,
    "moveToCoastDesire" : 0.7089646586432331,
    "zeppelinWaterBonus" : 0.186539649605223,
    "engineerSwimDesire" : 0.01,
    "engineerIslandHopBoost" : 1.564158377274453,
    "zeppelinIslandHopBonus" : 0.7381918117384461,
    "tankDesire" : 0.34742268671304033
  } ]
}
