{
  "economyBaseWeight": 0.9200432025533106,
  "techCentreDesire": 1.3758545511180864,
  "infantryDesire": 0.6111759602988824,
  "engineerDesire": 0.9060388160279589,
  "expansionBaseWeight": 1.2112162854364672,
  "distancePenalty": 0.01,
  "buildCityDesire": 0.8999495933154272,
  "militaryBaseWeight": 0.8884794354553784,
  "attackWeakDesire": 1.113231438268177,
  "hpAdvantageFactor": 0.8998735909032949,
  "defenseBaseWeight": 0.7962315411263083,
  "cityDefenseDesire": 0.9424520657873214,
  "undefendedPenalty": 1.3370311117202383,
  "diplomacyBaseWeight": 0.3269035929024163,
  "earlyExpansionBonus": 0.733590741568494,
  "lateMilitaryBonus": 0.44590386811726923,
  "navalBaseWeight": 0.6,
  "navalCombatDesire": 0.7,
  "transportLoadDesire": 0.5,
  "airStrikeDesire": 0.7,
  "satelliteLaunchDesire": 0.5,
  "icbmLaunchDesire": 0.8,
  "neutralCityCaptureDesire": 1.2,
  "tankDesire": 0.6
}
