{
  "economyBaseWeight" : 0.5780492303807827,
  "techCentreDesire" : 2.6131400117350028,
  "infantryDesire" : 2.7623046592914995,
  "engineerDesire" : 2.5298213097748747,
  "engineerGuaranteeMultiplier" : 2.7846423123793915,
  "expansionBaseWeight" : 2.00152903165258,
  "distancePenalty" : 0.45531763092001143,
  "buildCityDesire" : 1.9201879180867105,
  "militaryBaseWeight" : 2.23411313012185,
  "attackWeakDesire" : 1.6421643885408364,
  "hpAdvantageFactor" : 0.6377151218804888,
  "defenseBaseWeight" : 3.0,
  "cityDefenseDesire" : 0.5439038685545512,
  "undefendedPenalty" : 0.8472319493557711,
  "diplomacyBaseWeight" : 0.3414621816876633,
  "earlyExpansionBonus" : 1.7454594074556018,
  "lateMilitaryBonus" : 2.645355139082679,
  "navalBaseWeight" : 0.506984013959593,
  "navalCombatDesire" : 1.21576080764824,
  "transportLoadDesire" : 1.7805291479972176,
  "airStrikeDesire" : 0.21898801635751092,
  "satelliteLaunchDesire" : 0.01,
  "icbmLaunchDesire" : 0.8383748552203353,
  "transportDestinationDesire" : 1.6491039335230064,
  "disembarkDesire" : 2.615727145751367,
  "neutralCityCaptureDesire" : 2.9290757263021443,
  "coordinationBonus" : 2.017279162326334,
  "airSupportBonus" : 1.0620492413963993,
  "navalEscortBonus" : 3.0,
  "massAttackThreshold" : 1.4256486160104747,
  "zeppelinScoutDesire" : 1.784748422078231,
  "homeIslandExplorationBonus" : 0.9588889080280558,
  "researchGuaranteeMultiplier" : 2.076265253957891,
  "coastalCityDesire" : 1.5612305878145463,
  "moveToCoastDesire" : 0.8594682403781395,
  "tankDesire" : 2.6322515620211275
}
