{
  "thresholds" : [ 3.196664545273575, 5.542944860120848, 10.704535970490113 ],
  "phases" : [ {
    "economyBaseWeight" : 0.6685830658711616,
    "techCentreDesire" : 1.38716860193208,
    "infantryDesire" : 2.2835621790216054,
    "engineerDesire" : 1.3218585138747423,
    "engineerGuaranteeMultiplier" : 2.4609777080035338,
    "expansionBaseWeight" : 0.5190607423562605,
    "distancePenalty" : 0.01,
    "buildCityDesire" : 0.3348218734785546,
    "militaryBaseWeight" : 1.122398291304952,
    "attackWeakDesire" : 0.2339224056054267,
    "hpAdvantageFactor" : 1.2006658815295377,
    "defenseBaseWeight" : 1.8552812853025034,
    "cityDefenseDesire" : 2.5524544937046802,
    "undefendedPenalty" : 0.8176985235817589,
    "diplomacyBaseWeight" : 0.6818326471751874,
    "navalBaseWeight" : 0.01,
    "navalCombatDesire" : 0.08062231264383157,
    "transportLoadDesire" : 0.753664113562385,
    "airStrikeDesire" : 1.4268410562377127,
    "bombardCityDesire" : 1.6831270540059808,
    "satelliteLaunchDesire" : 0.85542847423982,
    "icbmLaunchDesire" : 1.1727507774243195,
    "transportDestinationDesire" : 0.3604592678074777,
    "disembarkDesire" : 0.06379931894595489,
    "neutralCityCaptureDesire" : 2.3156962897610485,
    "coordinationBonus" : 0.8818854304668599,
    "airSupportBonus" : 0.01,
    "navalEscortBonus" : 0.7106283941731044,
    "massAttackThreshold" : 2.0469496338264688,
    "zeppelinScoutDesire" : 0.4688689826300554,
    "homeIslandExplorationBonus" : 0.6725324489151459,
    "foreignIslandExplorationBonus" : 1.2308228094600413,
    "researchGuaranteeMultiplier" : 2.255501214145987,
    "coastalCityDesire" : 1.3025646556560864,
    "moveToCoastDesire" : 1.2145856570031754,
    "zeppelinWaterBonus" : 0.5332319867697016,
    "engineerSwimDesire" : 0.01,
    "engineerIslandHopBoost" : 0.9443245663348883,
    "zeppelinIslandHopBonus" : 0.6420130115472852,
    "tankDesire" : 0.012520973850402795
  }, {
    "economyBaseWeight" : 1.1049071520907305,
    "techCentreDesire" : 2.8887322289201256,
    "infantryDesire" : 0.2571325621245505,
    "engineerDesire" : 0.5794938241032465,
    "engineerGuaranteeMultiplier" : 2.8779400099019035,
    "expansionBaseWeight" : 0.7269631505038582,
    "distancePenalty" : 0.4231627407403864,
    "buildCityDesire" : 0.8646786649772046,
    "militaryBaseWeight" : 0.16793538531164895,
    "attackWeakDesire" : 0.26820527124360793,
    "hpAdvantageFactor" : 1.0881121183778262,
    "defenseBaseWeight" : 1.8231669755268844,
    "cityDefenseDesire" : 2.2020481706302397,
    "undefendedPenalty" : 1.5526502066092875,
    "diplomacyBaseWeight" : 0.2398721395185251,
    "navalBaseWeight" : 0.487222293587656,
    "navalCombatDesire" : 0.020064987935291836,
    "transportLoadDesire" : 0.5247862379418791,
    "airStrikeDesire" : 0.85075100676423,
    "bombardCityDesire" : 1.6984053264206722,
    "satelliteLaunchDesire" : 0.42107719556881595,
    "icbmLaunchDesire" : 0.9800198999039709,
    "transportDestinationDesire" : 0.01,
    "disembarkDesire" : 0.060109134408318554,
    "neutralCityCaptureDesire" : 1.1581040490716648,
    "coordinationBonus" : 0.01346818189466456,
    "airSupportBonus" : 0.01,
    "navalEscortBonus" : 0.01,
    "massAttackThreshold" : 2.095646838005371,
    "zeppelinScoutDesire" : 1.80277869548087,
    "homeIslandExplorationBonus" : 0.01,
    "foreignIslandExplorationBonus" : 1.5873740694483105,
    "researchGuaranteeMultiplier" : 2.5348930590303125,
    "coastalCityDesire" : 0.8108375969681921,
    "moveToCoastDesire" : 0.16210568831370148,
    "zeppelinWaterBonus" : 0.18798326202999516,
    "engineerSwimDesire" : 0.41937770028035637,
    "engineerIslandHopBoost" : 0.01,
    "zeppelinIslandHopBonus" : 0.41919356455187956,
    "tankDesire" : 1.2639352643621997
  }, {
    "economyBaseWeight" : 1.2008970006869357,
    "techCentreDesire" : 1.694703467507558,
    "infantryDesire" : 0.09718812040927513,
    "engineerDesire" : 1.3464225607691338,
    "engineerGuaranteeMultiplier" : 2.7636486963683393,
    "expansionBaseWeight" : 0.5814102882732821,
    "distancePenalty" : 0.23949441584089437,
    "buildCityDesire" : 1.5920327107230727,
    "militaryBaseWeight" : 0.18803088035078874,
    "attackWeakDesire" : 0.49748458337701645,
    "hpAdvantageFactor" : 1.4649890737355404,
    "defenseBaseWeight" : 1.299252297629815,
    "cityDefenseDesire" : 1.416321535737946,
    "undefendedPenalty" : 1.6292838044655933,
    "diplomacyBaseWeight" : 0.42415897418872883,
    "navalBaseWeight" : 0.28126800354551895,
    "navalCombatDesire" : 0.07195899011132316,
    "transportLoadDesire" : 0.2026815387458679,
    "airStrikeDesire" : 1.8714056409212951,
    "bombardCityDesire" : 1.7472272964487972,
    "satelliteLaunchDesire" : 0.18652160313649488,
    "icbmLaunchDesire" : 0.6603892631966791,
    "transportDestinationDesire" : 1.1491519078618901,
    "disembarkDesire" : 0.19162584095026552,
    "neutralCityCaptureDesire" : 1.5854066639362028,
    "coordinationBonus" : 0.14402610187274104,
    "airSupportBonus" : 0.4083565114598851,
    "navalEscortBonus" : 0.29467822635720026,
    "massAttackThreshold" : 1.9151609224630313,
    "zeppelinScoutDesire" : 1.9445670806120403,
    "homeIslandExplorationBonus" : 1.339259349495166,
    "foreignIslandExplorationBonus" : 0.7587085400993125,
    "researchGuaranteeMultiplier" : 2.9160752578525333,
    "coastalCityDesire" : 0.6711188668906003,
    "moveToCoastDesire" : 0.6593004831782868,
    "zeppelinWaterBonus" : 0.31349255329031017,
    "engineerSwimDesire" : 1.8748527621920594,
    "engineerIslandHopBoost" : 0.3350384789896284,
    "zeppelinIslandHopBonus" : 0.2343754057244481,
    "tankDesire" : 0.09367657819187294
  }, {
    "economyBaseWeight" : 1.3550575924438035,
    "techCentreDesire" : 1.1336592956795617,
    "infantryDesire" : 1.1124914870541014,
    "engineerDesire" : 0.642063338657834,
    "engineerGuaranteeMultiplier" : 2.739229496695772,
    "expansionBaseWeight" : 0.36705696128566107,
    "distancePenalty" : 0.41772731700835936,
    "buildCityDesire" : 0.4512647589198697,
    "militaryBaseWeight" : 1.5472202069856402,
    "attackWeakDesire" : 0.8574154405094365,
    "hpAdvantageFactor" : 0.7375245670923387,
    "defenseBaseWeight" : 2.335891471944901,
    "cityDefenseDesire" : 0.8193241015994167,
    "undefendedPenalty" : 0.8196825124001484,
    "diplomacyBaseWeight" : 0.11153140156318744,
    "navalBaseWeight" : 0.1903171214157533,
    "navalCombatDesire" : 0.17655986555531875,
    "transportLoadDesire" : 1.0306097698158811,
    "airStrikeDesire" : 2.0539862265491884,
    "bombardCityDesire" : 1.8432222828647347,
    "satelliteLaunchDesire" : 0.7808133036820389,
    "icbmLaunchDesire" : 2.4552827397661967,
    "transportDestinationDesire" : 0.3072943881943543,
    "disembarkDesire" : 0.2795164220895585,
    "neutralCityCaptureDesire" : 1.0436107997725195,
    "coordinationBonus" : 0.340386650505151,
    "airSupportBonus" : 0.06815002038848593,
    "navalEscortBonus" : 0.03039106025905,
    "massAttackThreshold" : 0.9553288934906276,
    "zeppelinScoutDesire" : 1.0419480668563286,
    "homeIslandExplorationBonus" : 0.055776877663115246,
    "foreignIslandExplorationBonus" : 0.42710415787225287,
    "researchGuaranteeMultiplier" : 2.2779167802054436,
    "coastalCityDesire" : 0.9080524238993902,
    "moveToCoastDesire" : 1.6932650660075779,
    "zeppelinWaterBonus" : 0.3733953598849982,
    "engineerSwimDesire" : 0.04505854348002706,
    "engineerIslandHopBoost" : 0.31674700073654233,
    "zeppelinIslandHopBonus" : 0.11378665982492385,
    "tankDesire" : 0.4234890951110839
  } ]
}