{
  "economyBaseWeight" : 1.5100981852878432,
  "techCentreDesire" : 0.01,
  "infantryDesire" : 0.917284175233674,
  "engineerDesire" : 0.4897381488341339,
  "expansionBaseWeight" : 2.3104807618021783,
  "distancePenalty" : 0.0753611728587482,
  "buildCityDesire" : 1.114497495353184,
  "militaryBaseWeight" : 0.7550414153562507,
  "attackWeakDesire" : 1.6023484003011326,
  "hpAdvantageFactor" : 0.01,
  "defenseBaseWeight" : 0.7061920626270751,
  "cityDefenseDesire" : 0.5510577106004637,
  "undefendedPenalty" : 1.6358554681043063,
  "diplomacyBaseWeight" : 0.01,
  "earlyExpansionBonus" : 2.563356965109186,
  "lateMilitaryBonus" : 0.4229937978400754,
  "navalBaseWeight" : 0.7457946734226466,
  "navalCombatDesire" : 0.263033030148479,
  "transportLoadDesire" : 0.2539699152958568,
  "airStrikeDesire" : 0.01,
  "satelliteLaunchDesire" : 0.35714620547912035,
  "icbmLaunchDesire" : 0.7033317085021719,
  "transportDestinationDesire" : 0.8151856278710973,
  "disembarkDesire" : 2.981427892566826,
  "neutralCityCaptureDesire" : 2.41292518382191,
  "coordinationBonus" : 0.66262971352212,
  "airSupportBonus" : 1.1766789325263989,
  "navalEscortBonus" : 0.6890245243227866,
  "massAttackThreshold" : 1.084445676485926,
  "tankDesire" : 0.14029784301501463,
  "zeppelinScoutDesire" : 1.0,
  "homeIslandExplorationBonus" : 0.5,
  "researchGuaranteeMultiplier" : 3.0,
  "coastalCityDesire" : 1.2,
  "moveToCoastDesire" : 0.6
}
