{
  "thresholds" : [ 4.308924276997601 ],
  "phases" : [ {
    "economyBaseWeight" : 0.01,
    "techCentreDesire" : 0.06903558083908916,
    "infantryDesire" : 0.1563721757441201,
    "engineerDesire" : 1.3158673460297936,
    "engineerGuaranteeMultiplier" : 1.5342191422378937,
    "expansionBaseWeight" : 0.6685386181745827,
    "distancePenalty" : 1.3066670036605907,
    "buildCityDesire" : 2.371016581405285,
    "militaryBaseWeight" : 2.2138642841467697,
    "attackWeakDesire" : 2.347572213095155,
    "hpAdvantageFactor" : 3.0,
    "defenseBaseWeight" : 1.1053418831545445,
    "cityDefenseDesire" : 0.01,
    "undefendedPenalty" : 1.938128230140049,
    "diplomacyBaseWeight" : 2.068683862700764,
    "navalBaseWeight" : 0.6997790633739903,
    "navalCombatDesire" : 1.371703275391893,
    "transportLoadDesire" : 2.046789623247625,
    "airStrikeDesire" : 0.01,
    "bombardCityDesire" : 3.0,
    "satelliteLaunchDesire" : 2.1873542688793868,
    "icbmLaunchDesire" : 1.2384911190928383,
    "transportDestinationDesire" : 0.49950464440734005,
    "disembarkDesire" : 2.3488868964190384,
    "neutralCityCaptureDesire" : 2.6765280103028704,
    "coordinationBonus" : 1.5551396722701345,
    "airSupportBonus" : 2.5025532430480433,
    "navalEscortBonus" : 1.6911732498974805,
    "massAttackThreshold" : 1.61610048598891,
    "zeppelinScoutDesire" : 1.5310180742713895,
    "homeIslandExplorationBonus" : 1.1580143239075729,
    "researchGuaranteeMultiplier" : 2.1140681946344135,
    "coastalCityDesire" : 0.2401728131782884,
    "moveToCoastDesire" : 1.2700895078575503,
    "zeppelinWaterBonus" : 2.9934681179545466,
    "engineerSwimDesire" : 1.1817120370445204,
    "engineerIslandHopBoost" : 2.8113140153875436,
    "zeppelinIslandHopBonus" : 1.3475898858247504,
    "tankDesire" : 0.1556671788434699
  }, {
    "economyBaseWeight" : 1.7916048799789281,
    "techCentreDesire" : 0.5615273581072229,
    "infantryDesire" : 0.4223218131041986,
    "engineerDesire" : 0.36560815579994305,
    "engineerGuaranteeMultiplier" : 2.024655557548359,
    "expansionBaseWeight" : 2.90300509953666,
    "distancePenalty" : 0.654475332445581,
    "buildCityDesire" : 3.0,
    "militaryBaseWeight" : 3.0,
    "attackWeakDesire" : 2.1775853895715613,
    "hpAdvantageFactor" : 1.8728111079243597,
    "defenseBaseWeight" : 0.4033439757646674,
    "cityDefenseDesire" : 1.8229091430308955,
    "undefendedPenalty" : 0.9331312527756247,
    "diplomacyBaseWeight" : 0.01,
    "navalBaseWeight" : 0.4474531011144294,
    "navalCombatDesire" : 0.18109883469776333,
    "transportLoadDesire" : 3.0,
    "airStrikeDesire" : 1.9622851218510444,
    "bombardCityDesire" : 1.6862610383184327,
    "satelliteLaunchDesire" : 1.4107563489592625,
    "icbmLaunchDesire" : 2.442700004339487,
    "transportDestinationDesire" : 2.1591154412822493,
    "disembarkDesire" : 2.819317366666934,
    "neutralCityCaptureDesire" : 0.7043261682811084,
    "coordinationBonus" : 1.782160427931692,
    "airSupportBonus" : 0.38111187843177957,
    "navalEscortBonus" : 0.8213463006634785,
    "massAttackThreshold" : 3.0,
    "zeppelinScoutDesire" : 1.8226152980326946,
    "homeIslandExplorationBonus" : 1.480717750653773,
    "researchGuaranteeMultiplier" : 0.7028834228551593,
    "coastalCityDesire" : 1.5758562038088348,
    "moveToCoastDesire" : 0.36115308145304154,
    "zeppelinWaterBonus" : 1.3244432395154102,
    "engineerSwimDesire" : 0.92488092051209,
    "engineerIslandHopBoost" : 0.8107241087375376,
    "zeppelinIslandHopBonus" : 0.38504494131300504,
    "tankDesire" : 0.01
  } ]
}
