{
  "economyBaseWeight" : 0.3413435318536957,
  "techCentreDesire" : 2.064868543604309,
  "infantryDesire" : 1.99228713935757,
  "engineerDesire" : 1.5103246182495809,
  "expansionBaseWeight" : 2.5940026085884753,
  "distancePenalty" : 0.12979856204002554,
  "buildCityDesire" : 2.247905524009412,
  "militaryBaseWeight" : 1.6654680481565765,
  "attackWeakDesire" : 0.7966361845752776,
  "hpAdvantageFactor" : 0.37398130222438514,
  "defenseBaseWeight" : 3.0,
  "cityDefenseDesire" : 0.5602696082568552,
  "undefendedPenalty" : 1.3034914425751363,
  "diplomacyBaseWeight" : 0.09590127291229271,
  "earlyExpansionBonus" : 2.3656953398401033,
  "lateMilitaryBonus" : 2.471533162051344,
  "navalBaseWeight" : 0.6936502262992388,
  "navalCombatDesire" : 0.3592520757370784,
  "transportLoadDesire" : 0.3570820214311772,
  "airStrikeDesire" : 0.23309076323237393,
  "satelliteLaunchDesire" : 0.9018073653657706,
  "icbmLaunchDesire" : 0.8559391272406854,
  "transportDestinationDesire" : 2.4610586709467985,
  "disembarkDesire" : 1.0,
  "neutralCityCaptureDesire" : 2.934839164464342,
  "coordinationBonus" : 1.614931932301806,
  "airSupportBonus" : 0.6816877658498395,
  "navalEscortBonus" : 1.3579152771281822,
  "massAttackThreshold" : 1.6769610976185343,
  "zeppelinScoutDesire" : 0.8,
  "homeIslandExplorationBonus" : 0.32787403947546734,
  "researchGuaranteeMultiplier" : 2.496452972749554,
  "coastalCityDesire" : 1.565741718290421,
  "moveToCoastDesire" : 0.829724924772967,
  "tankDesire" : 1.1509074120114797
}
