{
  "economyBaseWeight": 0.7598571991990866,
  "techCentreDesire": 0.01,
  "infantryDesire": 0.6283064093085032,
  "engineerDesire": 0.27536044125224995,
  "expansionBaseWeight": 1.5032678071666203,
  "distancePenalty": 0.16874210864632463,
  "buildCityDesire": 1.3016061208802707,
  "militaryBaseWeight": 0.7277260158755191,
  "attackWeakDesire": 1.7989893503926513,
  "hpAdvantageFactor": 0.38803910692825966,
  "defenseBaseWeight": 1.0270400901301786,
  "cityDefenseDesire": 1.0760860798607292,
  "undefendedPenalty": 0.897827944657076,
  "diplomacyBaseWeight": 0.01,
  "earlyExpansionBonus": 2.3190649321175276,
  "lateMilitaryBonus": 0.7829346820978103,
  "navalBaseWeight": 0.6259014075175393,
  "navalCombatDesire": 0.21003995021286892,
  "transportLoadDesire": 1.2709413016654019,
  "airStrikeDesire": 0.021763437372283614,
  "satelliteLaunchDesire": 0.3663236923611772,
  "icbmLaunchDesire": 0.7023781185444813,
  "transportDestinationDesire": 0.4140203484671927,
  "disembarkDesire": 2.5953715375956943,
  "neutralCityCaptureDesire": 1.4306688236499865,
  "tankDesire": 0.4800576270070275,
  "coordinationBonus": 0.3,
  "airSupportBonus": 0.4,
  "navalEscortBonus": 0.5,
  "massAttackThreshold": 2.0
}
