{
  "thresholds" : [ 1.7928093381169978, 6.608616707749516, 9.580535665767606 ],
  "phases" : [ {
    "economyBaseWeight" : 0.4907143775219175,
    "techCentreDesire" : 1.9775936006979467,
    "infantryDesire" : 0.3819376379939615,
    "engineerDesire" : 0.8877876127074263,
    "engineerGuaranteeMultiplier" : 2.418224645079151,
    "expansionBaseWeight" : 0.14540379370503345,
    "distancePenalty" : 0.5814115786144893,
    "buildCityDesire" : 0.5618061014058741,
    "militaryBaseWeight" : 0.5264857754614591,
    "attackWeakDesire" : 0.27014108329389824,
    "hpAdvantageFactor" : 0.6796518255514868,
    "defenseBaseWeight" : 0.6268111048478641,
    "cityDefenseDesire" : 2.0866746423372478,
    "undefendedPenalty" : 1.561096012162347,
    "diplomacyBaseWeight" : 0.03753384420363111,
    "navalBaseWeight" : 0.05978115383720442,
    "navalCombatDesire" : 0.4653005250766046,
    "transportLoadDesire" : 0.11016891346162389,
    "airStrikeDesire" : 1.3758998916699847,
    "bombardCityDesire" : 1.5244059246191906,
    "satelliteLaunchDesire" : 0.01,
    "icbmLaunchDesire" : 0.19093285522887132,
    "transportDestinationDesire" : 1.0327312018955839,
    "disembarkDesire" : 0.07013666717974541,
    "neutralCityCaptureDesire" : 1.7378041928960608,
    "coordinationBonus" : 0.10445188379926225,
    "airSupportBonus" : 0.9904932036475684,
    "navalEscortBonus" : 0.7820022927084284,
    "massAttackThreshold" : 1.8295923927413975,
    "zeppelinScoutDesire" : 1.4335837082100051,
    "homeIslandExplorationBonus" : 0.31850875893385155,
    "foreignIslandExplorationBonus" : 2.6158713666720415,
    "researchGuaranteeMultiplier" : 2.1653358026626113,
    "coastalCityDesire" : 0.4346036560711828,
    "moveToCoastDesire" : 0.08454490377303531,
    "zeppelinWaterBonus" : 0.64114946594402,
    "engineerSwimDesire" : 0.7573559735326986,
    "engineerIslandHopBoost" : 0.3703057521567482,
    "zeppelinIslandHopBonus" : 0.3178106533903257,
    "tankDesire" : 1.544868641838493
  }, {
    "economyBaseWeight" : 1.9552805362187995,
    "techCentreDesire" : 1.7884546248707003,
    "infantryDesire" : 1.0304923349995954,
    "engineerDesire" : 2.1919846666000122,
    "engineerGuaranteeMultiplier" : 2.4559546940104076,
    "expansionBaseWeight" : 0.8275568895767441,
    "distancePenalty" : 0.16795691171960175,
    "buildCityDesire" : 1.441614547480929,
    "militaryBaseWeight" : 0.16058938100731052,
    "attackWeakDesire" : 0.11169036947098578,
    "hpAdvantageFactor" : 1.0868319744071349,
    "defenseBaseWeight" : 1.4534685228248496,
    "cityDefenseDesire" : 2.5430550693927647,
    "undefendedPenalty" : 1.6454443712402287,
    "diplomacyBaseWeight" : 0.5795397709260974,
    "navalBaseWeight" : 0.010045011709108615,
    "navalCombatDesire" : 0.8185497160771652,
    "transportLoadDesire" : 1.9893326386736188,
    "airStrikeDesire" : 0.8070974273226785,
    "bombardCityDesire" : 2.4161586938408632,
    "satelliteLaunchDesire" : 0.8591933766785481,
    "icbmLaunchDesire" : 0.4656620201310178,
    "transportDestinationDesire" : 0.33749867420484725,
    "disembarkDesire" : 0.2693285492356379,
    "neutralCityCaptureDesire" : 1.7565630984690292,
    "coordinationBonus" : 0.07662516430925617,
    "airSupportBonus" : 1.0135669258823599,
    "navalEscortBonus" : 0.5813620554287258,
    "massAttackThreshold" : 2.1673645556682333,
    "zeppelinScoutDesire" : 1.437539875121127,
    "homeIslandExplorationBonus" : 0.48094458652541927,
    "foreignIslandExplorationBonus" : 1.6460076840494604,
    "researchGuaranteeMultiplier" : 1.948817780755959,
    "coastalCityDesire" : 1.7848660093630373,
    "moveToCoastDesire" : 0.5354281254663206,
    "zeppelinWaterBonus" : 0.8730934144544449,
    "engineerSwimDesire" : 0.7038072954599145,
    "engineerIslandHopBoost" : 0.31471273947614825,
    "zeppelinIslandHopBonus" : 0.7266829078408248,
    "tankDesire" : 0.6797781411069974
  }, {
    "economyBaseWeight" : 0.7551411219927356,
    "techCentreDesire" : 1.6857729264804788,
    "infantryDesire" : 1.5483161010048356,
    "engineerDesire" : 0.5786422225193463,
    "engineerGuaranteeMultiplier" : 2.331197728927601,
    "expansionBaseWeight" : 0.4092587871772678,
    "distancePenalty" : 0.3253683560555844,
    "buildCityDesire" : 0.9128141682419496,
    "militaryBaseWeight" : 1.5948166776033046,
    "attackWeakDesire" : 1.0454582037273994,
    "hpAdvantageFactor" : 1.15260979220045,
    "defenseBaseWeight" : 1.1622821980120224,
    "cityDefenseDesire" : 0.5470281776988941,
    "undefendedPenalty" : 0.7718582536225109,
    "diplomacyBaseWeight" : 0.9874823479649477,
    "navalBaseWeight" : 0.7877227573491817,
    "navalCombatDesire" : 0.890316907162973,
    "transportLoadDesire" : 0.5472223708902934,
    "airStrikeDesire" : 0.866495954284285,
    "bombardCityDesire" : 1.307012034908765,
    "satelliteLaunchDesire" : 0.024310447417893247,
    "icbmLaunchDesire" : 1.1774000178307513,
    "transportDestinationDesire" : 0.4759576607944114,
    "disembarkDesire" : 0.5279177736206262,
    "neutralCityCaptureDesire" : 0.06276062022683314,
    "coordinationBonus" : 0.8991403563901796,
    "airSupportBonus" : 0.6489700310362239,
    "navalEscortBonus" : 0.7925356965713929,
    "massAttackThreshold" : 2.0282150532081658,
    "zeppelinScoutDesire" : 0.8894304531436029,
    "homeIslandExplorationBonus" : 0.6745256828505988,
    "foreignIslandExplorationBonus" : 1.6840335057889964,
    "researchGuaranteeMultiplier" : 2.327997102064737,
    "coastalCityDesire" : 2.061982680443672,
    "moveToCoastDesire" : 0.8055546261398917,
    "zeppelinWaterBonus" : 0.4435783673086785,
    "engineerSwimDesire" : 0.6417537908333122,
    "engineerIslandHopBoost" : 0.01,
    "zeppelinIslandHopBonus" : 1.173000296014367,
    "tankDesire" : 1.0583402611777735
  }, {
    "economyBaseWeight" : 0.20854374340956325,
    "techCentreDesire" : 0.021639457316476953,
    "infantryDesire" : 0.6520279988539631,
    "engineerDesire" : 0.9972266892469253,
    "engineerGuaranteeMultiplier" : 2.889615275327521,
    "expansionBaseWeight" : 0.01,
    "distancePenalty" : 0.3497141517733961,
    "buildCityDesire" : 0.6612732296567212,
    "militaryBaseWeight" : 2.032504160688365,
    "attackWeakDesire" : 0.2808827518748872,
    "hpAdvantageFactor" : 1.1153233611089841,
    "defenseBaseWeight" : 0.34796207619206754,
    "cityDefenseDesire" : 1.326849293660689,
    "undefendedPenalty" : 0.9952203284775744,
    "diplomacyBaseWeight" : 1.1214134841333034,
    "navalBaseWeight" : 0.8485930798397385,
    "navalCombatDesire" : 0.17731926526939262,
    "transportLoadDesire" : 1.319947303503473,
    "airStrikeDesire" : 1.4755196250778648,
    "bombardCityDesire" : 0.9543851810799191,
    "satelliteLaunchDesire" : 2.918555161304669,
    "icbmLaunchDesire" : 2.0511014676307036,
    "transportDestinationDesire" : 0.6334075026788565,
    "disembarkDesire" : 1.413405486694932,
    "neutralCityCaptureDesire" : 1.3499668001247094,
    "coordinationBonus" : 0.46072716743837727,
    "airSupportBonus" : 1.6292070823587836,
    "navalEscortBonus" : 0.5982564284444565,
    "massAttackThreshold" : 1.0516585165056225,
    "zeppelinScoutDesire" : 0.8289928003563466,
    "homeIslandExplorationBonus" : 0.01,
    "foreignIslandExplorationBonus" : 1.4237943444751215,
    "researchGuaranteeMultiplier" : 2.9958319112473766,
    "coastalCityDesire" : 0.34212290717784305,
    "moveToCoastDesire" : 0.7186457864954935,
    "zeppelinWaterBonus" : 0.2756804363301675,
    "engineerSwimDesire" : 0.6353493035377926,
    "engineerIslandHopBoost" : 0.6704097565007758,
    "zeppelinIslandHopBonus" : 0.9457454506867836,
    "tankDesire" : 0.0447776623194648
  } ]
}