{
  "economyBaseWeight" : 0.7543010072240468,
  "techCentreDesire" : 2.703899669979841,
  "infantryDesire" : 2.8570425935530794,
  "engineerDesire" : 2.0371733942717722,
  "engineerGuaranteeMultiplier" : 3.0,
  "expansionBaseWeight" : 2.715275732318294,
  "distancePenalty" : 0.01,
  "buildCityDesire" : 1.078540249575403,
  "militaryBaseWeight" : 3.0,
  "attackWeakDesire" : 1.5516600584122573,
  "hpAdvantageFactor" : 1.7068937299284275,
  "defenseBaseWeight" : 2.5750696114824567,
  "cityDefenseDesire" : 0.7335748065552657,
  "undefendedPenalty" : 2.3821572317914628,
  "diplomacyBaseWeight" : 0.23129906152661214,
  "earlyExpansionBonus" : 2.1154303101903675,
  "lateMilitaryBonus" : 2.985456460788048,
  "navalBaseWeight" : 1.5796764269568844,
  "navalCombatDesire" : 0.12830071769316348,
  "transportLoadDesire" : 2.2008251066597437,
  "airStrikeDesire" : 1.0715105709143042,
  "satelliteLaunchDesire" : 0.7188080248510591,
  "icbmLaunchDesire" : 0.7357701283967506,
  "transportDestinationDesire" : 1.5072539622089416,
  "disembarkDesire" : 2.902201305404618,
  "neutralCityCaptureDesire" : 2.1317122284993055,
  "coordinationBonus" : 1.4458363302514035,
  "airSupportBonus" : 1.4231175742760211,
  "navalEscortBonus" : 2.020280249379508,
  "massAttackThreshold" : 2.245923208593449,
  "zeppelinScoutDesire" : 1.2759175826094837,
  "homeIslandExplorationBonus" : 1.122294437717849,
  "researchGuaranteeMultiplier" : 1.606356923802249,
  "coastalCityDesire" : 2.4207925210754877,
  "moveToCoastDesire" : 0.40900167010625715,
  "zeppelinWaterBonus" : 0.3913621568657013,
  "engineerSwimDesire" : 1.2,
  "engineerIslandHopBoost" : 1.5,
  "zeppelinIslandHopBonus" : 0.5,
  "tankDesire" : 2.4093461554853377
}
