{
  "thresholds" : [ 5.308455831085273 ],
  "phases" : [ {
    "economyBaseWeight" : 0.37013822253081186,
    "techCentreDesire" : 2.422438211360747,
    "infantryDesire" : 1.188060672786864,
    "engineerDesire" : 0.8057043525810126,
    "engineerGuaranteeMultiplier" : 2.5620476419746625,
    "expansionBaseWeight" : 2.646812478291589,
    "distancePenalty" : 0.2486882254485796,
    "buildCityDesire" : 2.3519319194579347,
    "militaryBaseWeight" : 0.9477767943052184,
    "attackWeakDesire" : 0.502681063797898,
    "hpAdvantageFactor" : 2.545287047522902,
    "defenseBaseWeight" : 1.8671008226741095,
    "cityDefenseDesire" : 0.2697411940449344,
    "undefendedPenalty" : 2.4156499469307846,
    "diplomacyBaseWeight" : 0.5100562421435204,
    "navalBaseWeight" : 0.7278939290816607,
    "navalCombatDesire" : 0.5893390560766028,
    "transportLoadDesire" : 2.9603231721865186,
    "airStrikeDesire" : 0.7512549807619877,
    "bombardCityDesire" : 0.18884971185114108,
    "satelliteLaunchDesire" : 1.1481297387673755,
    "icbmLaunchDesire" : 0.16542141663762688,
    "transportDestinationDesire" : 0.014955488234153325,
    "disembarkDesire" : 3.0,
    "neutralCityCaptureDesire" : 2.826281602364485,
    "coordinationBonus" : 0.725636853729844,
    "airSupportBonus" : 0.8123245986278963,
    "navalEscortBonus" : 2.5308594194586282,
    "massAttackThreshold" : 1.6852800084133701,
    "zeppelinScoutDesire" : 0.7552855799923435,
    "homeIslandExplorationBonus" : 2.5310740504585567,
    "researchGuaranteeMultiplier" : 1.5904802322321037,
    "coastalCityDesire" : 2.2159998721071905,
    "moveToCoastDesire" : 1.1880003784844444,
    "zeppelinWaterBonus" : 0.4213718227592933,
    "engineerSwimDesire" : 1.2457924048332902,
    "engineerIslandHopBoost" : 0.9967195527984524,
    "zeppelinIslandHopBonus" : 0.7672630262466993,
    "tankDesire" : 0.7199515429620443
  }, {
    "economyBaseWeight" : 1.2997129689073237,
    "techCentreDesire" : 0.01,
    "infantryDesire" : 1.3466029766988892,
    "engineerDesire" : 0.7178197642200697,
    "engineerGuaranteeMultiplier" : 0.01,
    "expansionBaseWeight" : 0.01,
    "distancePenalty" : 0.44928163790801245,
    "buildCityDesire" : 1.4174672060883706,
    "militaryBaseWeight" : 2.9910914734230594,
    "attackWeakDesire" : 2.964370396634019,
    "hpAdvantageFactor" : 2.349808691954001,
    "defenseBaseWeight" : 1.502554204019512,
    "cityDefenseDesire" : 0.5321800154031451,
    "undefendedPenalty" : 0.7831034658453524,
    "diplomacyBaseWeight" : 0.11663202728184824,
    "navalBaseWeight" : 0.7326886041476156,
    "navalCombatDesire" : 1.8166883065804906,
    "transportLoadDesire" : 2.7334892712353343,
    "airStrikeDesire" : 1.2897362514276678,
    "bombardCityDesire" : 2.866254770635315,
    "satelliteLaunchDesire" : 1.7768321958109181,
    "icbmLaunchDesire" : 2.07632578676016,
    "transportDestinationDesire" : 1.044579191695366,
    "disembarkDesire" : 0.6685631037861871,
    "neutralCityCaptureDesire" : 0.8060310937294228,
    "coordinationBonus" : 2.4021465671170197,
    "airSupportBonus" : 1.9435866823176655,
    "navalEscortBonus" : 0.9587086477558974,
    "massAttackThreshold" : 1.7789997666460455,
    "zeppelinScoutDesire" : 1.6757206095332167,
    "homeIslandExplorationBonus" : 0.01,
    "researchGuaranteeMultiplier" : 0.20164750190066566,
    "coastalCityDesire" : 1.1596584673727652,
    "moveToCoastDesire" : 0.6741803746472688,
    "zeppelinWaterBonus" : 1.1053437510956556,
    "engineerSwimDesire" : 0.49478995233350026,
    "engineerIslandHopBoost" : 0.07479662808713904,
    "zeppelinIslandHopBonus" : 0.23387092047437816,
    "tankDesire" : 1.4911248202237468
  } ]
}